{"1.log":[0,0],"1024.log":[0.796875,0.578125],"128.log":[0,0.015625],"16.log":[0,0],"2.log":[0,0],"2048.log":[3.171875,3.140625],"256.log":[0.015625,0.03125],"32.log":[0,0],"4.log":[0,0],"4096.log":[13.265625,13.015625],"512.log":[0.171875,0.109375],"64.log":[0,0],"8.log":[0,0],"8192.log":[60.09375,52.390625],"16384.log":[148.71875,143.59375],"262144.log":[42639.09375,39888.8125],"32768.log":[607.53125,613.53125],"131072.log":[9640.796875,9954.03125]}