{"1.log": [0.0, 0.0], "1024.log": [0.0, 0.015625], "1048576.log": [11.125, 10.4375], "128.log": [0.0, 0.0], "131072.log": [1.15625, 1.15625], "16.log": [0.0, 0.0], "16384.log": [0.125, 0.125], "2.log": [0.0, 0.0], "2048.log": [0.015625, 0.015625], "2097152.log": [21.8125, 21.609375], "256.log": [0.0, 0.0], "262144.log": [2.375, 2.3125], "32.log": [0.0, 0.0], "32768.log": [0.25, 0.28125], "4.log": [0.0, 0.0], "4096.log": [0.03125, 0.03125], "4194304.log": [70.515625, 51.84375], "512.log": [0.0, 0.015625], "524288.log": [5.5625, 5.5625], "64.log": [0.0, 0.0], "65536.log": [0.609375, 0.5625], "8.log": [0.0, 0.0], "8192.log": [0.0625, 0.0625]}