{"1.log":[0,0],"1024.log":[1.5,1.515625],"128.log":[0,0],"16.log":[0,0],"2.log":[0,0],"2048.log":[7.1875,7.21875],"256.log":[0.046875,0.046875],"32.log":[0,0],"4.log":[0,0],"4096.log":[29.921875,27.171875],"512.log":[0.234375,0.25],"64.log":[0,0],"8.log":[0,0],"8192.log":[105.34375,110.578125],"131072.log":[16585.921875,19532.828125],"16384.log":[259.703125,270.015625],"262144.log":[70450.9375,72764.6875]}