{"1.log": [0.0, 0.0], "1024.log": [0.015625, 0.0], "1048576.log": [9.8125, 10.125], "128.log": [0.0, 0.0], "131072.log": [1.09375, 1.15625], "16.log": [0.0, 0.0], "16384.log": [0.140625, 0.109375], "2.log": [0.0, 0.0], "2048.log": [0.03125, 0.015625], "2097152.log": [20.703125, 20.578125], "256.log": [0.015625, 0.0], "262144.log": [2.265625, 2.421875], "32.log": [0.0, 0.0], "32768.log": [0.25, 0.28125], "4.log": [0.0, 0.0], "4096.log": [0.03125, 0.03125], "4194304.log": [43.84375, 43.859375], "512.log": [0.015625, 0.0], "524288.log": [4.875, 4.9375], "64.log": [0.0, 0.0], "65536.log": [0.515625, 0.5625], "8.log": [0.0, 0.0], "8192.log": [0.046875, 0.0625]}