{"1.log": [0.0, 0.0], "1024.log": [0.015625, 0.015625], "1048576.log": [29.4375, 28.96875], "128.log": [0.0, 0.0], "131072.log": [3.875, 3.796875], "16.log": [0.0, 0.0], "16384.log": [0.265625, 0.28125], "2.log": [0.0, 0.0], "2048.log": [0.015625, 0.015625], "2097152.log": [243.984375, 243.78125], "256.log": [0.0, 0.0], "262144.log": [7.859375, 7.890625], "32.log": [0.0, 0.0], "32768.log": [0.796875, 0.703125], "4.log": [0.0, 0.0], "4096.log": [0.0625, 0.09375], "4194304.log": [347.375, 502.140625], "512.log": [0.015625, 0.015625], "524288.log": [32.296875, 33.65625], "64.log": [0.015625, 0.0], "65536.log": [3.515625, 3.46875], "8.log": [0.0, 0.0], "8192.log": [0.4375, 0.4375]}