{"1.log": [0.0, 0.0], "1024.log": [0.0, 0.015625], "1048576.log": [9.9375, 9.859375], "128.log": [0.0, 0.015625], "131072.log": [1.078125, 1.21875], "16.log": [0.0, 0.0], "16384.log": [0.125, 0.109375], "2.log": [0.0, 0.0], "2048.log": [0.015625, 0.015625], "2097152.log": [20.46875, 20.109375], "256.log": [0.0, 0.0], "262144.log": [2.21875, 2.359375], "32.log": [0.0, 0.015625], "32768.log": [0.234375, 0.234375], "4.log": [0.0, 0.0], "4096.log": [0.015625, 0.03125], "4194304.log": [41.625, 41.03125], "512.log": [0.0, 0.0], "524288.log": [4.796875, 4.78125], "64.log": [0.0, 0.0], "65536.log": [0.515625, 0.515625], "8.log": [0.0, 0.0], "8192.log": [0.0625, 0.0625]}