{"1.log": [0.0, 0.0], "1024.log": [0.0, 0.0], "1048576.log": [0.296875, 0.359375], "128.log": [0.0, 0.0], "131072.log": [0.03125, 0.03125], "16.log": [0.0, 0.0], "16384.log": [0.0, 0.0], "2.log": [0.0, 0.0], "2048.log": [0.0, 0.0], "2097152.log": [0.609375, 0.59375], "256.log": [0.0, 0.0], "262144.log": [0.0625, 0.078125], "32.log": [0.0, 0.0], "32768.log": [0.0, 0.0], "4.log": [0.0, 0.0], "4096.log": [0.0, 0.0], "4194304.log": [1.171875, 1.171875], "512.log": [0.0, 0.0], "524288.log": [0.140625, 0.140625], "64.log": [0.0, 0.0], "65536.log": [0.015625, 0.015625], "8.log": [0.0, 0.0], "8192.log": [0.0, 0.015625]}